"processo","cd_processo","data","dispositivo"
"10001652220178260297","RI0044C5P0000",2019-06-13,"Negaram provimento ao recurso. V. U."
"10001851620198260047","RI005MLND0000",2020-08-12,"Não conheceram do recurso. V. U."
"10005627220208260169","RI0069DPB0000",2021-03-19,"Negaram provimento ao recurso. V. U."
"10006411320238260180","RI0085QZG0000",2024-12-07,"Deram provimento ao recurso. V. U."
"10006411320238260180","RI0085QZG12KW",2025-05-09,"Rejeitaram os embargos. V. U."
"10006411320238260180","RI008FTW20000",NA,NA
"10011095220198260071","RI006L8GU0000",2022-04-05,"Negaram provimento ao recurso. V. U."
"10011095220198260071","RI006L8GU12KW",2023-01-13,"Rejeitaram os embargos. V. U."
"10012991520258260100","RI008YIUE0000",2025-10-23,"Deram provimento ao recurso. V. U."
"10013243820198260100","RI005P0820000",2020-02-13,"Deram provimento em parte ao recurso. V. U."
"10016460220218260484","RI006UAH50000",2022-08-02,"Negaram provimento ao recurso. V. U."
"10016534220218260274","RI006ZJZR0000",2022-12-12,"Negaram provimento ao recurso. V. U."
"10018248020178260066","RI004RAS90000",2018-12-13,"Negaram provimento ao recurso. V. U."
"10026737520198260650","RI00600S10000",2020-09-03,"Negaram provimento ao recurso. V. U."
"10032295720238260482","RI00827RO0000",2024-09-27,"Deram provimento ao recurso. V. U."
"10032295720238260482","RI008G0A70000",NA,NA
"10037207820208260576","RI006D0X10000",2021-10-28,"Em julgamento originário, por maioria de votos, deram provimento ao recurso, vencido o 3º Juiz que a ele negava provimento. Em julgamento ampliado, a 4ª Juíza e o 5º Juiz deram provimento à apelação, acompanhando o Relator. Vencido o 3º Juiz que declarará voto."
"10039696120198260318","RI005WPPF0000",2020-07-09,"Negaram provimento ao recurso. V. U."
"10045205920198260506","RI006C3WS0000",2021-04-19,"Deram provimento em parte ao recurso. V. U."
"10046004620258260010","RI009B8KA0000",2026-03-27,"Negaram provimento ao recurso. V. U."
"10051447920198260451","RI006679K0000",2021-01-22,"Afastada a preliminar, negaram provimento ao recurso da autora e deram provimento ao recurso da ré. V.U."
"10051447920198260451","RI006679K12KW",2021-02-24,"Rejeitaram os embargos. V. U."
"10051766520198260037","RI0062P270000",2021-02-03,"Deram provimento ao recurso. V. U."
"10058374320238260477","RI0083ZYO0000",2024-06-26,"Deram provimento em parte ao recurso. V. U."
"10066048720258260032","RI0091QVT0000",2025-10-29,"Negaram provimento ao recurso. V. U."
"10067367120188260362","RI005O7UP0000",2020-02-06,"Negaram provimento ao recurso. V. U."
"10077054820228260297","RI007ZHO70000",2025-07-08,"Negaram provimento ao recurso, rejeitada a preliminar. V.U."
"10083983620208260577","RI006CF3G0000",2021-10-19,"Deram provimento em parte ao recurso. V. U."
"10092730620208260577","RI0069GX70000",2021-05-31,"Deram provimento ao recurso. V. U."
"10109180820218260100","RI006H5ND0000",2022-05-23,"RECURSOS NÃO PROVIDOS. V.U.*"
"10109180820218260100","RI006H5ND12KW",2022-07-27,"EMBARGOS REJEITADOS. V.U.*"
"10112134520218260100","RI006Z83Q0000",2022-07-26,"Deram provimento em parte ao recurso. V. U."
"10117294820178260248","RI004MB9M0000",2018-08-28,"Rejeitada a preliminar, negaram provimento, nos termos que constarão do acórdão. V. U."
"10117294820178260248","RI004MB9M12KW",2018-09-13,"Rejeitaram os embargos. V. U."
"10123943220238260320","RI00990WD0000",2026-03-11,"Negaram provimento ao recurso. V. U."
"10143526620208260576","RI00663LX0000",2021-09-30,"Negaram provimento ao recurso. V. U."
"10169395120188260602","RI005KXFY0000",2020-03-03,"Negaram provimento ao recurso. V. U."
"10169395120188260602","RI005KXFY12KW",2020-05-19,"Rejeitaram os embargos. V. U."
"10180530320238260100","RI007V4VS0000",2026-03-09,"Negaram provimento ao recurso. V. U."
"10190845820238260100","RI008JBS60000",2025-04-28,"Conheceram do recurso e negaram provimento. V. U."
"10190845820238260100","RI008JBS612KW",2025-08-07,"Rejeitaram os embargos. V. U."
"10199525120208260032","RI006S57S0000",2022-04-11,"Negaram provimento ao recurso. V. U."
"10210825420248260576","RI008JR0U0000",2025-02-05,"Deram provimento ao recurso. V. U."
"10229659120228260451","RI007LHRN0000",2023-11-17,"Deram provimento ao recurso. V. U."
"10229659120228260451","RI00955PZ0000",2026-03-09,"Deram provimento em parte ao recurso. V. U."
"10261663520228260114","RI007I5K30000",2023-08-24,"Em julgamento originário, por maioria de votos, deram provimento ao recurso, vencido o 2° Juiz que a ele negava provimento. Em julgamento ampliado, o 4° e o 5° Juízes acompanharam o relator. Declarará voto o 2° Juiz."
"10312148520208260100","RI006MUCM0000",2021-12-17,"Deram provimento em parte ao recurso. V. U."
"10340490720198260577","RI005YHY00000",2021-01-14,"Negaram provimento ao recurso. V. U."
"10435270520258260100","RI0091Y6V0000",2026-02-11,"Negaram provimento ao recurso. V. U."
"10478284320228260506","RI00843O30000",2024-07-22,"Deram provimento ao recurso. V. U."
"10478284320228260506","RI009608B0000",2026-02-19,"Deram provimento ao recurso. V. U."
"10502578020228260506","RI008JWUH0000",2025-03-26,"Deram provimento ao recurso do autor e deram parcial provimento ao do reú. V.U."
"10618416720238260100","RI00821BB0000",2024-07-04,"Deram provimento ao recurso. V. U."
"10643501420238260506","RI008SHI20000",2025-07-30,"Negaram provimento ao recurso. V. U."
"10671166820168260576","RI004G92Q0000",2018-04-11,"Negaram provimento ao recurso. V. U."
"10671166820168260576","RI004G92Q12KW",2018-05-16,"Rejeitaram os embargos. V. U."
"11097449820238260100","RI00828LT0000",2024-06-12,"Negaram provimento ao recurso. V. U."
"11145144220208260100","RI006FYOZ0000",2021-08-26,"Deram provimento em parte ao recurso. V. U."
"11168802520188260100","RI005EVMH0000",2019-10-21,"Negaram provimento ao recurso, com determinação. V.U."
"11168802520188260100","RI005EVMH12KW",2020-01-13,"Rejeitaram os embargos. V. U."
"11238211520238260100","RI0083HLC0000",2024-12-12,"Negaram provimento ao recurso. V. U."
"11322731420238260100","RI0089KT80000",2025-11-18,"Negaram provimento ao recurso. V. U."
"11428658320248260100","RI008NZJI0000",2025-07-04,"Deram provimento ao recurso. V. U."
"11573918920238260100","RI008K4170000",2025-02-19,"Deram provimento em parte ao recurso. V. U."
"20004909020208260000","RI005OV3V0000",2020-03-20,"Negaram provimento ao recurso. V. U."
"20518289820238260000","RI007CYQY0000",2023-05-30,"Negaram provimento ao recurso. V. U."
"20518289820238260000","RI007CYQY12KW",2023-05-30,"Julgaram prejudicado o recurso. V. U."
"20741248020248260000","RI007ZD890000",2024-04-30,"Negaram provimento ao recurso. V. U."
"20785354520198260000","RI0051J9T0000",2019-05-08,"Deram provimento ao recurso. V. U."
"20992763820218260000","RI006E08T0000",2021-06-28,"Negaram provimento ao recurso. V. U."
"21004554120208260000","RI005UOCQ0000",2020-06-15,"Negaram provimento ao recurso. V. U."
"21025164020188260000","RI004JX3N0000",2018-06-15,"Deram provimento parcial ao recurso, nos termos que constarão do acórdão. V. U."
"21531703120188260000","RI004NM060000",2018-12-11,"Por maioria, negaram provimento ao recurso, com observação, vencido o 3.º juiz, que declara."
"21997127320198260000","RI005DHVR0000",2021-02-05,"Negaram provimento ao recurso. V. U."
"22090786820218260000","RI006KJUY0000",2021-11-16,"Julgaram prejudicado o recurso. V. U."
"22357438220258260000","RI008XVHZ0000",2025-08-20,"Negaram provimento ao recurso. V. U."
