"score_total","score_temas","score_proced","score_tutela","score_valor","processo","data","ano","comarca","vara","magistrado","resultado_dispositivo","valor_indenizacao","tem_protesto","tem_duplicata","tem_rel_juridica","tem_contrato","tem_tutela_deferida","dispositivo_trecho","dispositivo_txt"
6,4,0,1,1,"10069485920258260132","18/05/2026",2026,"SÃO PAULO","31ª Vara Cível","Gisele Valle Monteiro da Rocha","parcial",10000,TRUE,TRUE,TRUE,TRUE,TRUE,"JULGO PROCEDENTES os pedidos, para confirmar a tutela de urgência de fls. 172/174 e DECLARAR NULO o negócio jurídico consubstanciado no ""Contrato de Figuração nº 85088 G"" (fls. 19), declarando-se a inexigibilidade do débito de R$ 1.050,00 (mil e cinquenta reais), dele derivado, bem como a inexigibilidade da Duplicata Mercantil por Indicação nº 85088G, que foi objeto de protesto. CONDENO a ré ao pagamento de indenização por danos morais no valor de R$ 10.000,00 (dez mil reais), com juros e correção monetária a contar da prolação da presente sentença. Incidirá o IPCA como índice para a correção ","JULGO PROCEDENTES os pedidos, para confirmar a tutela de urgência de fls. 172/174 e DECLARAR NULO o negócio jurídico consubstanciado no ""Contrato de Figuração nº 85088 G"" (fls. 19), declarando-se a inexigibilidade do débito de R$ 1.050,00 (mil e cinquenta reais), dele derivado, bem como a inexigibilidade da Duplicata Mercantil por Indicação nº 85088G, que foi objeto de protesto. CONDENO a ré ao pagamento de indenização por danos morais no valor de R$ 10.000,00 (dez mil reais), com juros e correção monetária a contar da prolação da presente sentença. Incidirá o IPCA como índice para a correção monetária (artigo 389 CC) e a Taxa Selic (deduzido o índice de atualização monetária IPCA), para fins de juros moratórios, conforme dispõem os parágrafos da redação do artigo 406 parágrafo 1º e 389 parágrafo único, ambos do Código Civil Em razão da sucumbência, condeno a parte ré ao pagamento das custas e despesas processuais, bem como dos honorários advocatícios da parte autora, os quais fixo em 10% (dez por cento) sobre o valor total da condenação, nos termos do artigo 85, § 2º, do Código de Processo Civil. Após o trânsito em julgado, expeça-se o necessário para o levantamento da caução depositada (fls. 184/188) em favor da parte autora. Oficie-se ao Tabelionato de Notas e de Protestos de Letras e Títulos para o cancelamento definitivo do protesto. Preteridas as demais alegações, por incompatíveis com a linha adotada, ficam as partes advertidas de que a oposição de embargos fora das hipóteses legais e/ou com postulação meramente infringente ensejará a imposição da multa prevista no art. 1026, § 2º, CPC. Eventual recurso de apelação, intime-se a parte contrária para, querendo, apresentar contrarrazões, no prazo de 15 (quinze) dias (CPC, art. 1.010, § 1º). Após, considerando que o juízo de admissibilidade será realizado pelo juízo ad quem, subam os presentes autos ao E. Tribunal de Justiça de São Paulo, com as nossas homenagens e cautelas de estilo. Certificado o trânsito em julgado, manifeste-se o vencedor em termos de prosseguimento no prazo de 30 dias, devendo o exequente peticionar como ""Cum"
5,3,1,0,1,"10673317020238260100","08/05/2024",2024,"SÃO PAULO","37ª Vara Cível","REBECA UEMATSU TEIXEIRA","procedente",5000,TRUE,TRUE,TRUE,FALSE,FALSE,"JULGO PROCEDENTES os pedidos formulados na petição inicial, resolvendo o mérito nos termos do artigo 487, inciso I, do Código de Processo Civil, para: 1) declarar a nulidade do contrato de figuração n° 100544 (fls. 95/98), bem como a inexigibilidade dos débitos a ele relacionados; 2) confirmar a tutela provisória deferida, cancelando o protesto indevido; e 3) condenar a ré ao pagamento de indenização por danos morais no valor de R$5.000,00, com correção monetária pela tabela prática do Tribunal de Justiça de São Paulo a contar da data da sentença e juros de mora de 1% ao mês, a partir da citaç","JULGO PROCEDENTES os pedidos formulados na petição inicial, resolvendo o mérito nos termos do artigo 487, inciso I, do Código de Processo Civil, para: 1) declarar a nulidade do contrato de figuração n° 100544 (fls. 95/98), bem como a inexigibilidade dos débitos a ele relacionados; 2) confirmar a tutela provisória deferida, cancelando o protesto indevido; e 3) condenar a ré ao pagamento de indenização por danos morais no valor de R$5.000,00, com correção monetária pela tabela prática do Tribunal de Justiça de São Paulo a contar da data da sentença e juros de mora de 1% ao mês, a partir da citação. Pela sucumbência, condeno a ré ao pagamento das custas, despesas processuais, bem como honorários advocatícios, que fixo em 10% do valor da condenação, nos termos do artigo 85, §2°, do Código de Processo Civil. Após o trânsito em julgado desta sentença, defiro o levantamento, pela autora, do valor depositado a título de caução (fls. 132/133), devendo apresentar formulário MLE devidamente preenchido. P.I.C. São Paulo, 08 de maio de 2024. DOCUMENTO ASSINADO DIGITALMENTE NOS TERMOS DA LEI 11.419/2006, CONFORME IMPRESSÃO À MARGEM DIREITA"
5,3,1,0,1,"10002305920228260097","30/11/2023",2023,"Buritama","2ª Vara","HENRIQUE DE CASTILHO JACINTO","procedente",5000,TRUE,TRUE,TRUE,FALSE,FALSE,"julgo PROCEDENTES os pedidos mediatos confirmando-se a tutela antecipada às fls. (fls. 59/60 e 83) e no sentido: (a) declarar a inexistência de relação jurídica dos contratos indicados pela petição inicial junto à requerida, com efeito, declarar a nulidade da DMI 83682g (duplicata mercantil) e declarar inexigibilidade contrato; (b) CONDENAR a parte requerida ao pagamento de danos morais no valor e R$ 5.000,00 (cinco mil reais) sobre o qual incidirá juros de mora de 1% (um por cento) ao mês desde a data do ","julgo PROCEDENTES os pedidos mediatos confirmando-se a tutela antecipada às fls. (fls. 59/60 e 83) e no sentido: (a) declarar a inexistência de relação jurídica dos contratos indicados pela petição inicial junto à requerida, com efeito, declarar a nulidade da DMI 83682g (duplicata mercantil) e declarar inexigibilidade contrato; (b) CONDENAR a parte requerida ao pagamento de danos morais no valor e R$ 5.000,00 (cinco mil reais) sobre o qual incidirá juros de mora de 1% (um por cento) ao mês desde a data do "
4,2,1,0,1,"10046004620258260010","26/11/2025",2025,"SÃO PAULO","2ª Vara Cível","MARINA DUBOIS FAVA","procedente",5000,TRUE,TRUE,FALSE,FALSE,FALSE,"JULGO PROCEDENTES os pedidos, para: (i) DECLARAR rescindido o contrato celebrado entre as partes, sem a incidência de qualquer multa; (ii) confirmando a liminar concedida às fls. 99/103, DECLARAR inexigíveis os valores cobrados pela parte ré, determinando-se o cancelamento definitivo dos respectivos protestos; (iii) CONDENAR a requerida ao pagamento de indenização por danos morais, no valor de R$ 5.000,00 (cinco mil reais). O valor da indenização deverá ser acrescido de atualização monetária a partir da presente data e juros moratórios a contar da citação. Dever-se-á observar a atualização mon","JULGO PROCEDENTES os pedidos, para: (i) DECLARAR rescindido o contrato celebrado entre as partes, sem a incidência de qualquer multa; (ii) confirmando a liminar concedida às fls. 99/103, DECLARAR inexigíveis os valores cobrados pela parte ré, determinando-se o cancelamento definitivo dos respectivos protestos; (iii) CONDENAR a requerida ao pagamento de indenização por danos morais, no valor de R$ 5.000,00 (cinco mil reais). O valor da indenização deverá ser acrescido de atualização monetária a partir da presente data e juros moratórios a contar da citação. Dever-se-á observar a atualização monetária pelo índice IPCA-IBGE, conforme determinação contida no artigo 389, parágrafo único, do Código Civil, além de juros de mora de acordo com a taxa legal, isto é, taxa Selic deduzido o índice IPCA-IBGE (conforme previsão do artigo 406, § 1º, do Código Civil). Em razão da sucumbência, condeno a Parte Requerida ao pagamento das custas e despesas processuais, bem como honorários advocatícios, que fixo no importe de 20% do valor atualizado da condenação em danos morais. Certificado o trânsito em julgado, arquivem-se os autos, com as anotações e cautelas de estilo. Sentença registrada eletronicamente. "
4,3,0,0,1,"10007520320248260587","21/05/2025",2025,"São Sebastião","1ª Vara Cível","Vitor Hugo Aquino de Oliveira","parcial",5000,TRUE,TRUE,TRUE,FALSE,FALSE,"julgo PROCEDENTES EM PARTE os pedidos ajuizados por SEA PEÇAS LTDA em face de A. R. DE ARAÚJO COMUNICAÇÕES ME, para o fim de (i) declarara a inexistência de relação jurídica entre as partes; (ii) declarar a inexigibilidade dos títulos de crédito extraídos do contrato de figuração n. 93631; (iii) condenar a requerida a pagar a pagar à parte coautora o valor de R$ 5.000,00 (cinco mil reais), corrigidos desta data em diante (cf. STJ, Súmula no 362), e acrescidos de juros moratórios mensais, desde a citação até 27/08/2024; após, devem ser apuradas nos termos dos artigos 389 e 406, ambos do Código ","julgo PROCEDENTES EM PARTE os pedidos ajuizados por SEA PEÇAS LTDA em face de A. R. DE ARAÚJO COMUNICAÇÕES ME, para o fim de (i) declarara a inexistência de relação jurídica entre as partes; (ii) declarar a inexigibilidade dos títulos de crédito extraídos do contrato de figuração n. 93631; (iii) condenar a requerida a pagar a pagar à parte coautora o valor de R$ 5.000,00 (cinco mil reais), corrigidos desta data em diante (cf. STJ, Súmula no 362), e acrescidos de juros moratórios mensais, desde a citação até 27/08/2024; após, devem ser apuradas nos termos dos artigos 389 e 406, ambos do Código Civil, observada a redação da Lei n. 14.905/2024, ou seja, não havendo índice convencionado, a atualização deverá ser calculada com base no IPCA e os juros à taxa legal (SELIC deduzido o IPCA). A metodologia de cálculo e sua forma de aplicação devem seguir o disposto na Resolução CMN n. 5.171/2024 (art. 406, §2º,CC). Sucumbente, arcará a parte ré com o pagamento das custas processuais e honorários advocatícios, que fixo em 10% sobre o valor atualizado da causa, nos termos do artigo 85, § 2º, do CPC. Caso interposto recurso de apelação, intime-se para contrarrazões, remetendo-se, após, ao E. Tribunal de Justiça, com a ressalva de que as custas do preparo serão calculadas com base no valor da causa. No mais, com o trânsito em julgado, arquivem-se os autos. P.I.C. Sao Sebastiao, 21 de maio de 2025. DOCUMENTO ASSINADO DIGITALMENTE NOS TERMOS DA LEI 11.419/2006, CONFORME IMPRESSÃO À MARGEM DIREITA"
4,2,1,1,0,"10122317320228260292","31/03/2023",2023,"Jacareí","1ª Vara Cível","Ana Paula de Queiroz Aranha","procedente",500,FALSE,TRUE,TRUE,FALSE,TRUE,"Ante o exposto, torna-se definitiva a tutela de urgência concedida (fls.42) e julga-se PROCEDENTE o pedido inicial proposto por Periodicals Publicações Técnicas Ltda. contra A. R. de Araújo Comunicações ME - Lista Regional Brasil, nos termos do artigo 487, inciso I, do Código de Processo Civil, para declarar a nulidade do “contrato de figuração” (fls.20) e, em consequência, a inexistência da relação jurídica a ele vinculada, a inexigibilidade do débito cobrado, bem como a inaplicabilidade da cláusula contratual que estabelece multa por rescisão antecipada do contrato. Condeno a requerida, inte","Ante o exposto, torna-se definitiva a tutela de urgência concedida (fls.42) e julga-se PROCEDENTE o pedido inicial proposto por Periodicals Publicações Técnicas Ltda. contra A. R. de Araújo Comunicações ME - Lista Regional Brasil, nos termos do artigo 487, inciso I, do Código de Processo Civil, para declarar a nulidade do “contrato de figuração” (fls.20) e, em consequência, a inexistência da relação jurídica a ele vinculada, a inexigibilidade do débito cobrado, bem como a inaplicabilidade da cláusula contratual que estabelece multa por rescisão antecipada do contrato. Condeno a requerida, integralmente, ao pagamento das custas e despesas processuais, corrigidas desde o desembolso, e dos honorários advocatícios que arbitro em R$500,00, suspendendo-lhe o pagamento, caso esteja acobertada pelo benefício da gratuidade, ressalvada a hipótese prevista no artigo 98 e seus parágrafos 2º e 3º do Código de Processo Civil (Lei 13.105/15). Respeitados os limites mínimo e máximo, o preparo recursal corresponderá a 4% do valor da condenação, se líquida a sentença, ou da causa, se ilíquida, nos termos do inc. II e § 2º do art. 4º da Lei Estadual 11.608/2003, com a redação dada pela Lei 15.855/2015. Após o trânsito em julgado, arquivem-se os autos, com as cautelas de praxe, providenciando a serventia a queima de eventual guia, certificando-se (Provimento CG nº 01/2020 e Comunicado CG nº 136/2020). "
4,3,1,0,0,"10014994020258260482","29/05/2025",2025,"Presidente Prudente","6ª Vara Cível","Sérgio Elorza Barbosa de Moraes","procedente",NA,TRUE,TRUE,TRUE,FALSE,FALSE,"julgo PROCEDENTE a ação movida por FABRI E FERREIRA PRUDENTE COMÉRCIO DE VEÍCULOS EIRELI LTDA contra A. R. DE ARAÚJO COMUNICAÇÕES LTDA, nos termos do artigo 487, inciso I, do Código de Processo Civil, para declarar a nulidade do “contrato de figuração” (fls. 22) e, em consequência, a inexistência da relação jurídica a ele vinculada, a inexigibilidade do débito cobrado. Torno definitiva a tutela de urgência (fls. 41/42). Outrossim, condeno a requerida a devolver à autora o valor de R$ 350,00 (trezentos e cinquenta reais) referente a ","julgo PROCEDENTE a ação movida por FABRI E FERREIRA PRUDENTE COMÉRCIO DE VEÍCULOS EIRELI LTDA contra A. R. DE ARAÚJO COMUNICAÇÕES LTDA, nos termos do artigo 487, inciso I, do Código de Processo Civil, para declarar a nulidade do “contrato de figuração” (fls. 22) e, em consequência, a inexistência da relação jurídica a ele vinculada, a inexigibilidade do débito cobrado. Torno definitiva a tutela de urgência (fls. 41/42). Outrossim, condeno a requerida a devolver à autora o valor de R$ 350,00 (trezentos e cinquenta reais) referente a "
3,1,1,0,1,"10027648720238260081","23/02/2024",2024,"Adamantina","Juizado Especial Cível e Criminal","Ruth Duarte Menegatti","procedente",52800,FALSE,FALSE,TRUE,FALSE,FALSE,"JULGO PROCEDENTE o pedido feito por RODRIGO PIRONDI LAGUSTERA em face de A R DE ARAÚJO COMUNICAÇÕES (Guia Plus) para DECLARAR NULO o “Contrato de Figuração” nº 6848 G” (fls. 33), bem como para CONDENÁ-LA a pagar à parte autora, a título de indenização por danos materiais o valor de R$ 52.800,00 (cinquenta e dois mil e oitocentos reais), que deverão ser atualizados monetariamente e acrescidos de juros de mora, de 1% ao mês, a contar da data do desembolso. Deixo de arbitrar verba honorária, na medida em que incabível na espécie (artigo 55, da Lei n. 9.099/95). Nos termos do COMUNICADO CONJUNTO N","JULGO PROCEDENTE o pedido feito por RODRIGO PIRONDI LAGUSTERA em face de A R DE ARAÚJO COMUNICAÇÕES (Guia Plus) para DECLARAR NULO o “Contrato de Figuração” nº 6848 G” (fls. 33), bem como para CONDENÁ-LA a pagar à parte autora, a título de indenização por danos materiais o valor de R$ 52.800,00 (cinquenta e dois mil e oitocentos reais), que deverão ser atualizados monetariamente e acrescidos de juros de mora, de 1% ao mês, a contar da data do desembolso. Deixo de arbitrar verba honorária, na medida em que incabível na espécie (artigo 55, da Lei n. 9.099/95). Nos termos do COMUNICADO CONJUNTO Nº 951/2023, em razão das alterações na Lei n° 11.608/2003, decorrentes da Lei n° 17.785/2023, no sistema dos Juizados Especiais, em caso de interposição do Recurso Inominado, deverá ser elaborada certidão antes da remessa dos autos ao Colégio Recursal. Ressalvada a hipótese de concessão de gratuidade da justiça, o preparo corresponderá: a) 1,5% (um e meio por cento), sobre o valor atualizado da causa, a ser recolhida na guia DARE, observado o valor mínimo de 5 UFESPs, quando não se tratar de execução de título extrajudicial e 2% (dois por cento) sobre o valor atualizado da causa, por meio de DARE, observado o valor mínimo de 5 UFESP, quando se tratar de execução de título extrajudicial; b) à taxa judiciária referente às custas de preparo, no importe de 4% (quatro por cento) sobre o valor fixado na sentença, se líquido, ou sobre o valor fixado equitativamente pelo magistrado, se ilíquido, ou ainda 4% (quatro por cento) sobre o valor atualizado atribuído à causa na ausência de pedido condenatório, observado o valor mínimo de 5 UFESPs, a ser recolhida na guia DARE; c) às despesas processuais referentes a todos os serviços forenses eventualmente utilizados (despesas postais, diligências do Oficial de Justiça, taxas para pesquisas de endereço nos sistemas conveniados, custas para publicação de editais etc.), a serem recolhidas na guia FEDTJ, à exceção das diligências de Oficial de Justiça, que deverão ser colhidas na guia GRD. O preparo será recolhido de acordo com os critérios acima estabelecidos independente de cálculo elaborado pela serventia que apenas será responsável pela conferência dos valores e elaboração da certidão para juntada aos autos.” Aos advogados interessados, está disponível, no site deste Tribunal, planilha para elaboração do cálculo do preparo, nos casos de interposição de Recurso Inominado. a) O acesso à tabela poderá ser realizado por meio do link https://www.tjsp.jus.br/Corregedoria/Comunicados/Comunicado?codigoComunicado=41233&pagina=1 Após o trânsito em julgado, oportunamente, arquivem-se os autos, com as cautelas de estilo. P. I. C. Adamantina, 22 de fevereiro de 2024. DOCUMENTO ASSINADO DIGITALMENTE NOS TERMOS DA LEI 11.419/2006, CONFORME IMPRESSÃO À MARGEM DIREITA"
3,1,0,1,1,"10021485120238260069","22/07/2024",2024,"SÃO PAULO","11ª Vara Cível","Luiz Gustavo Esteves","parcial",10000,TRUE,FALSE,FALSE,FALSE,TRUE,"JULGO PARCIALMENTE PROCEDENTE o pedido, com resolução do mérito, nos termos do artigo 487, I, do CPC, para anular o negócio existente entre as partes em função da existência de vício do consentimento; declarar inexigível as cobranças perpetradas pela ré em decorrência do referido contrato, em especial, o débito listado a fls. 36, tornando definitiva a tutela deferida (expeça-se ofício para cancelamento) e condenar a ré ao pagamento de indenização por danos morais, no valor de R$ 10.000,00 ,atualizado de acordo com o IPCA, a partir da data da publicação dessa sentença (Súmula nº 362, do STJ), e","JULGO PARCIALMENTE PROCEDENTE o pedido, com resolução do mérito, nos termos do artigo 487, I, do CPC, para anular o negócio existente entre as partes em função da existência de vício do consentimento; declarar inexigível as cobranças perpetradas pela ré em decorrência do referido contrato, em especial, o débito listado a fls. 36, tornando definitiva a tutela deferida (expeça-se ofício para cancelamento) e condenar a ré ao pagamento de indenização por danos morais, no valor de R$ 10.000,00 ,atualizado de acordo com o IPCA, a partir da data da publicação dessa sentença (Súmula nº 362, do STJ), e com a incidência de juros moratórios pela SELIC, abatido o IPCA desde 29/11/2023, data do protesto indevido, evento danoso, nos termos da Súmula nº 54, do Superior Tribunal de Justiça. Em face da sucumbência experimentada, arcará apenas a requerida com as custas, despesas processuais e honorários advocatícios, que fixo em 15% (quinze por cento) sobre o valor atualizado da condenação, atento à Súmula 326 do C. STJ. P.I.C. São Paulo, 22 de julho de 2024. Luiz Gustavo Esteves Juiz de Direito DOCUMENTO ASSINADO DIGITALMENTE NOS TERMOS DA LEI 11.419/2006, CONFORME IMPRESSÃO À MARGEM DIREITA"
3,1,1,0,1,"10221452420238260100","05/09/2023",2023,"SÃO PAULO","36ª Vara Cível","Thania Pereira Teixeira De Carvalho Cardin","procedente",10000,TRUE,FALSE,FALSE,FALSE,FALSE,"JULGO PROCEDENTE o pedido, com fundamento no artigo 487, I, do Código de Processo Civil, para o fim de, confirmando a tutela de urgência, anular o contrato indicado na inicial e declarar a inexigibilidade do débito, bem como ao pagamento de R$ 10.000,00 pelos danos morais causados, com correção monetária nos termos da Tabela Prática do Tribunal de Justiça de São Paulo desde o arbitramento e juros de mora de 1% ao mês desde o ato ilícito do protesto. Em razão da sucumbência, a ré ficará responsável pelas custas, despesas processuais e honorários do Patrono da autora, arbitrados estes em 10% do ","JULGO PROCEDENTE o pedido, com fundamento no artigo 487, I, do Código de Processo Civil, para o fim de, confirmando a tutela de urgência, anular o contrato indicado na inicial e declarar a inexigibilidade do débito, bem como ao pagamento de R$ 10.000,00 pelos danos morais causados, com correção monetária nos termos da Tabela Prática do Tribunal de Justiça de São Paulo desde o arbitramento e juros de mora de 1% ao mês desde o ato ilícito do protesto. Em razão da sucumbência, a ré ficará responsável pelas custas, despesas processuais e honorários do Patrono da autora, arbitrados estes em 10% do valor atualizado da condenação, nos termos do artigo 85, § 2º do CPC. P.I. São Paulo, 05 de setembro de 2023. DOCUMENTO ASSINADO DIGITALMENTE NOS TERMOS DA LEI 11.419/2006, CONFORME IMPRESSÃO À MARGEM DIREITA"
3,2,0,0,1,"10005627220208260169","07/11/2020",2020,"Duartina","Vara Única","Luciano Siqueira de Pretto","parcial",8000,TRUE,TRUE,FALSE,FALSE,FALSE,"JULGO PARCIALMENTE PROCEDENTE o pedido inicial, e o faço para, confirmada a tutela de urgência (fls. 38-40), (1) declarar a inexistência da relação jurídica entre as partes, e por conseguinte, a inexigibilidade da duplica mercantil e do respectivo protesto; e (2) condenar a ré a pagar à autora a quantia de R$ 8.000,00 (oito mil reais), a título de indenização por dano moral, com atualização monetária (Tabela Prática do TJSP) desde o arbitramento e juros moratórios (1% ao mês) desde a datado evento danoso (data do apontamento 02/07/2020 fl. 29). Sucumbente, condeno a requerida ao pagamento das ","JULGO PARCIALMENTE PROCEDENTE o pedido inicial, e o faço para, confirmada a tutela de urgência (fls. 38-40), (1) declarar a inexistência da relação jurídica entre as partes, e por conseguinte, a inexigibilidade da duplica mercantil e do respectivo protesto; e (2) condenar a ré a pagar à autora a quantia de R$ 8.000,00 (oito mil reais), a título de indenização por dano moral, com atualização monetária (Tabela Prática do TJSP) desde o arbitramento e juros moratórios (1% ao mês) desde a datado evento danoso (data do apontamento 02/07/2020 fl. 29). Sucumbente, condeno a requerida ao pagamento das custas, despesas processuais e honorários advocatícios que, nos termos do art. 85, §2º, do Código de Processo Civil, fixo em 15% (quinze por cento) do valor atualizado da condenação. Não há sucumbência da autora em razão da fixação do dano moral aquém do pedido, a teor do enunciado sumular n. 326 do Superior Tribunal de Justiça e precedentes deste e. TJSP (Apelação n. 1002168-75.2015.8.26.0666, Relator(a): José Wagner de Oliveira Melatto Peixoto; Comarca: Artur Nogueira; Órgão julgador: 15ª Câmara de Direito "
3,2,0,0,1,"10149573820238260016","19/08/2024",2024,"SÃO PAULO","2ª Vara do Juizado Especial Cível - Vergueiro","GUILHERME FERFOGLIA GOMES DIAS","parcial",5952,TRUE,TRUE,FALSE,FALSE,FALSE,"JULGO PROCEDENTE O PEDIDO, para afastar o negócio jurídico (“contrato de figuração nº 56460”) e condenar a requerida à devolução de R$ 5.952,00, com correção monetária desde o desembolso e juros moratórios de 1% ao mês, desde a citação; para impor obrigação de não fazer à requerida, quanto à prática de qualquer ato de cobrança (judicial ou extrajudicial) com base neste contrato; e para condenar a requerida à devolução de R$ 5.000,00, com correção monetária desde hoje e juros moratórios de 1% ao mês, desde a citação. Expeça-se ofício ao Ministério Público, com cópia da sentença, para verificaçã","JULGO PROCEDENTE O PEDIDO, para afastar o negócio jurídico (“contrato de figuração nº 56460”) e condenar a requerida à devolução de R$ 5.952,00, com correção monetária desde o desembolso e juros moratórios de 1% ao mês, desde a citação; para impor obrigação de não fazer à requerida, quanto à prática de qualquer ato de cobrança (judicial ou extrajudicial) com base neste contrato; e para condenar a requerida à devolução de R$ 5.000,00, com correção monetária desde hoje e juros moratórios de 1% ao mês, desde a citação. Expeça-se ofício ao Ministério Público, com cópia da sentença, para verificação de eventual ilícito penal por parte dos representantes e funcionários da parte requerida. Sem condenação em custas e honorários advocatícios nesta instância, nos termos do art. 55 da Lei nº 9.099/1995. Eventual pedido de gratuidade judiciária formulado e não apreciado no decorrer do processo ou nesta sentença será analisado caso interposto recurso. Para tanto, deverá a parte recorrente justificar seu pedido demonstrando, por meio de documentação idônea, estar em situação que se enquadra nas hipóteses da Lei nº 1.060/1950, por meio da juntada de: i) cópia da carteira de trabalho e comprovante de rendimentos atual; ii) extratos bancários dos últimos dois meses de todas as contas bancárias registradas no CPF da parte recorrente, conforme comprovado mediante extrato do Sistema Registrato do Banco Central; iii) cópia das três últimas declarações do Imposto de Renda ou declaração de isenção assinada pela parte (sujeita às penas do crime de falsidade); e de iv) caso não junte holerite, deverá juntar declaração assinada de pró"
3,1,0,1,1,"10082010320228260451","25/02/2025",2025,"SÃO PAULO","40ª Vara Cível","RENAN AUGUSTO JACÓ MOTA","parcial",5000,TRUE,FALSE,FALSE,FALSE,TRUE,"JULGO PARCIALMENTE PROCEDENTES os pedidos iniciais, nos termos do artigo 487, I, do Código de Processo Civil, para, confirmada a tutela provisória anteriormente concedida, (i) declarar a inexigibilidade dos débitos indicados a fl. 41/44, determinando-se o cancelamento definitivo do protesto; e ii) condenar a ré ao pagamento de indenização por danos morais no valor de R$ 5.000,00, corrigido monetariamente pela Tabela Prática do E. Tribunal de Justiça de São Paulo desde o arbitramento e acrescidos de juros de mora de 1% ao mês, contados da citação. Em razão da sucumbência mínima e à luz da Súmul","JULGO PARCIALMENTE PROCEDENTES os pedidos iniciais, nos termos do artigo 487, I, do Código de Processo Civil, para, confirmada a tutela provisória anteriormente concedida, (i) declarar a inexigibilidade dos débitos indicados a fl. 41/44, determinando-se o cancelamento definitivo do protesto; e ii) condenar a ré ao pagamento de indenização por danos morais no valor de R$ 5.000,00, corrigido monetariamente pela Tabela Prática do E. Tribunal de Justiça de São Paulo desde o arbitramento e acrescidos de juros de mora de 1% ao mês, contados da citação. Em razão da sucumbência mínima e à luz da Súmula 326 do C. Superior Tribunal de Justiça, condeno a ré ao pagamento das despesas processuais e de honorários advocatícios, os quais fixo em 20% da condenação (a saber, o valor do débito declarado inexigível somado à verba indenizatória arbitrada). Sentença registrada eletronicamente. "
3,2,0,0,1,"10618468920238260100","02/02/2024",2024,"SÃO PAULO","4ª Vara Cível","REBECA UEMATSU TEIXEIRA","parcial",5000,TRUE,TRUE,FALSE,FALSE,FALSE,"JULGO PARCIALMENTE PROCEDENTES os pedidos, resolvendo o mérito nos termos do artigo 487, inciso I, do Código de Processo Civil, para: 1) declarar a nulidade do “contrato de figuração” (fls. 85) e do “termo de distrato” (fls. 44), bem como a inexigibilidade do débito descrito na inicial; 2) confirmar a tutela provisória deferida, cancelando o protesto indevido; 3) condenar as rés, solidariamente, ao pagamento de R$5.000,00 a título de indenização por danos morais, com correção monetária pela tabela prática do Tribunal de Justiça de São Paulo a contar da data da sentença e juros de mora de 1% ao","JULGO PARCIALMENTE PROCEDENTES os pedidos, resolvendo o mérito nos termos do artigo 487, inciso I, do Código de Processo Civil, para: 1) declarar a nulidade do “contrato de figuração” (fls. 85) e do “termo de distrato” (fls. 44), bem como a inexigibilidade do débito descrito na inicial; 2) confirmar a tutela provisória deferida, cancelando o protesto indevido; 3) condenar as rés, solidariamente, ao pagamento de R$5.000,00 a título de indenização por danos morais, com correção monetária pela tabela prática do Tribunal de Justiça de São Paulo a contar da data da sentença e juros de mora de 1% ao mês a partir da citação. Pela sucumbência, condeno as rés ao pagamento das custas, despesas processuais e honorários advocatícios, que fixo em 10% do valor da causa, nos termos do artigo 85, §2°, do Código de Processo Civil. P.I.C. São Paulo, 02 de fevereiro de 2024. DOCUMENTO ASSINADO DIGITALMENTE NOS TERMOS DA LEI 11.419/2006, CONFORME IMPRESSÃO À MARGEM DIREITA"
3,1,0,1,1,"10010930720238260638","15/01/2024",2024,"Tupi Paulista","Juizado Especial Cível e Criminal","VANDICKSON SOARES EMIDIO","parcial",5000,TRUE,FALSE,FALSE,FALSE,TRUE,"JULGO PROCEDENTE o pedido inicial, para: 1) DECLARAR a inexistência do débito e a inexigibilidade do título nº 20584G (fl. 15), confirmando os efeitos da tutela deferida às fls. 56/58; e 3) CONDENAR o requerido ao pagamento de indenização por danos morais no valor de R$ 5.000,00 (cinco mil reais), acrescidos de correção monetária pela Tabela Prática do Tribunal de Justiça do Estado de São Paulo, a partir da presente data, e juros moratórios de 1% ao mês, a contar do evento danoso (27/04/2023). Oficie-se ao Tabelionato de Notas e de Protesto de Letras e Títulos desta Comarca de Tupi Paulista, d","JULGO PROCEDENTE o pedido inicial, para: 1) DECLARAR a inexistência do débito e a inexigibilidade do título nº 20584G (fl. 15), confirmando os efeitos da tutela deferida às fls. 56/58; e 3) CONDENAR o requerido ao pagamento de indenização por danos morais no valor de R$ 5.000,00 (cinco mil reais), acrescidos de correção monetária pela Tabela Prática do Tribunal de Justiça do Estado de São Paulo, a partir da presente data, e juros moratórios de 1% ao mês, a contar do evento danoso (27/04/2023). Oficie-se ao Tabelionato de Notas e de Protesto de Letras e Títulos desta Comarca de Tupi Paulista, determinando o cancelamento definitivo do protesto de fl. 15, ficando eventuais emolumentos devidos às expensas da parte requerida, diante do protesto indevido. Servirá a presente sentença, digitalmente assinada, como OFÍCIO, podendo a pró"
3,0,1,1,1,"10010973720218260081","23/07/2021",2021,"Adamantina","Juizado Especial Cível e Criminal","Ruth Duarte Menegatti","procedente",5000,FALSE,FALSE,FALSE,FALSE,TRUE,"JULGO PROCEDENTE o pedido feito por ELETROMOTORES ADAMANTINA LTDA-ME, representada pela sócia Iara Gomes Oliveira Alves em face de A R DE ARAÚJO COMUNICAÇÕES (Lista Regional Brasil) para DECLARAR a inexistência e inexigibilidade do ""Contrato de Figuração” nº 45181 L (fls. 61/62), bem como para CONDENÁ-LA a pagar à parte autora, a título de indenização por danos morais, R$ 5.000,00 (cinco mil reais), que deverão ser atualizados monetariamente, a contar da presente data e acrescidos de juros de mora, de 1% ao mês, a contar da citação. Confirmo a tutela deferida a fls. 27/29. Intime-se. Deixo de ","JULGO PROCEDENTE o pedido feito por ELETROMOTORES ADAMANTINA LTDA-ME, representada pela sócia Iara Gomes Oliveira Alves em face de A R DE ARAÚJO COMUNICAÇÕES (Lista Regional Brasil) para DECLARAR a inexistência e inexigibilidade do ""Contrato de Figuração” nº 45181 L (fls. 61/62), bem como para CONDENÁ-LA a pagar à parte autora, a título de indenização por danos morais, R$ 5.000,00 (cinco mil reais), que deverão ser atualizados monetariamente, a contar da presente data e acrescidos de juros de mora, de 1% ao mês, a contar da citação. Confirmo a tutela deferida a fls. 27/29. Intime-se. Deixo de arbitrar verba honorária, na medida em que incabível na espécie (artigo 55, da Lei n. 9.099/95). Oportunamente, arquivem-se os autos com as anotações e cautelas de praxe. P. I. C. Adamantina, 21 de julho de 2021. DOCUMENTO ASSINADO DIGITALMENTE NOS TERMOS DA LEI 11.419/2006, CONFORME IMPRESSÃO À MARGEM DIREITA"
3,1,0,1,1,"10010857720188260291","24/05/2019",2019,"Jaboticabal","Vara do Juizado Especial Cível e Criminal","JORGE LUIS GALVAO","parcial",5000,FALSE,FALSE,FALSE,TRUE,TRUE,"JULGO PARCIALMENTE PROCEDENTE a presente AÇÃO DECLARATÓRIA DE INEXISTÊNCIA DE DÉBITO c.c. RESCISÃO CONTRATUAL COM REPETIÇÃO DE INDÉBITO E INDENIZAÇÃO POR DANOS MORAIS, ajuizada por DROGARIA SANCHES & PONTES LTDA ME em face da empresa A R DE ARAÚJO COMUNICAÇÕES ME para: a) declarar rescindido o contrato celebrado entre as partes e declarar como inexigíveis valores decorrentes de tal contração; b) tornar definitiva a tutela de urgência concedida às fls. 21; c) condenar a parte requerida a restituir ao autor os valores eventualmente cobrados em decorrência do aludido contrato, que deverão ser efe","JULGO PARCIALMENTE PROCEDENTE a presente AÇÃO DECLARATÓRIA DE INEXISTÊNCIA DE DÉBITO c.c. RESCISÃO CONTRATUAL COM REPETIÇÃO DE INDÉBITO E INDENIZAÇÃO POR DANOS MORAIS, ajuizada por DROGARIA SANCHES & PONTES LTDA ME em face da empresa A R DE ARAÚJO COMUNICAÇÕES ME para: a) declarar rescindido o contrato celebrado entre as partes e declarar como inexigíveis valores decorrentes de tal contração; b) tornar definitiva a tutela de urgência concedida às fls. 21; c) condenar a parte requerida a restituir ao autor os valores eventualmente cobrados em decorrência do aludido contrato, que deverão ser efetivamente comprovados nos autos, corrigido monetariamente desde o(s) desembolso(s); d) condenar a requerida a pagar à parte autora, a título de indenização por danos morais, a importância de R$5.000,00 (Cinco mil reais), que deverá ser atualizada monetariamente a partir da presente data. A atualização monetária deverá obedecer os referenciais da Tabela Prática do Tribunal de Justiça. Sobre o valor total deverá ser acrescido juros de mora de 1% ao mês (artigo 406 do CC) a contar da citação (artigo 405 do CC e artigo 219, caput, do CPC). Nos procedimentos do Juizado Especial Cível de "
3,1,1,1,0,"10342890520258260506","14/11/2025",2025,"Ribeirão Preto","11ª Vara Cível","HEBER MENDES BATISTA","procedente",4200,FALSE,FALSE,TRUE,FALSE,TRUE,"JULGO PROCEDENTE o pedido em face de A R DE ARAÚJO COMUNICAÇÕES ME, e o faço para: (a) declarar a nulidade do Contrato de Figuração nº 102406G, firmado em 01/11/2022, reconhecendo a inexistência de relação jurídica válida entre as partes; (b) declarar a inexigibilidade do débito dele decorrente, no valor de R$ 4.200,00 (quatro mil e duzentos reais) ou qualquer outro montante correlato; (c) tornar definitiva a tutela de urgência concedida às fls. 35/40, determinando a sustação definitiva do protesto do título nº 102406G, lavrado no 2º Tabelião de Protesto de Letras e Títulos de Ribeirão Preto/S","JULGO PROCEDENTE o pedido em face de A R DE ARAÚJO COMUNICAÇÕES ME, e o faço para: (a) declarar a nulidade do Contrato de Figuração nº 102406G, firmado em 01/11/2022, reconhecendo a inexistência de relação jurídica válida entre as partes; (b) declarar a inexigibilidade do débito dele decorrente, no valor de R$ 4.200,00 (quatro mil e duzentos reais) ou qualquer outro montante correlato; (c) tornar definitiva a tutela de urgência concedida às fls. 35/40, determinando a sustação definitiva do protesto do título nº 102406G, lavrado no 2º Tabelião de Protesto de Letras e Títulos de Ribeirão Preto/SP, com seu cancelamento definitivo, às expensas da requerida; (d) condenar a requerida a restituir à autora o valor de R$ 1.139,42, corrigido desde o desembolso (16/07/2025) e acrescido de juros de mora a contar da citação. A correção monetária e os juros de mora terão incidência nos termos dos artigos 389 e 406, ambos do Código Civil, com a observância das alterações efetivadas pela Lei n° 14.905/2024, do seguinte modo: (1) até o dia 27/08/2024 (dia anterior à entrada em vigor da Lei n°14.905, de 2024), a correção monetária dar-se-á nos termos da Tabela Prática do Tribunal de Justiça do Estado de São Paulo, com acréscimo de juros de mora de 1% ao mês (12% ao ano); (2) a partir do dia 28/08/2024 (início da vigência da Lei n° 14.905, de 2024), os índices serão os seguintes: (a) IPCA, quando incidir apenas correção monetária; (b) taxa SELIC, com dedução do IPCA, quando incidirem apenas os juros de mora (artigo 406, § 1º, do Código Civil), adotando-se, para este caso, a metodologia divulgada pelo Conselho Monetário Nacional (Resolução nº 5.171, de 2024); (c) taxa SELIC, quando incidir conjuntamente correção monetária e juros de mora, observando-se, quanto aos juros de mora, que incidirão desde a citação. Condeno a ré ao pagamento das custas processuais e honorários advocatícios sucumbenciais, que fixo em 15% sobre o valor da condenação, nos termos do art. 85, § 2º, do Código de Processo Civil. Interposto recurso de apelação, intime-se a parte recorrida para contrarrazões. Certifiquem, se necessário, a respeito do valor do preparo e da quantia efetivamente recolhida (NSCGJ., art. 102, VI), observado o valor da condenação como base de cálculo, com vinculação do documento ao número do processo (NSCGJ. Art. 1093, parágrafo 6º), reservada à instância superior a apreciação de eventuais irregularidades. Após, independente de juízo de admissibilidade, remetam-se os autos ao Egrégio Tribunal de Justiça do Estado de São Paulo, nos termos do art. 1.010, § 3º, do Código de Processo Civil. Oportunamente, cópia desta sentença deverá ser enviada ao 2º Tabelião de Protesto de Letras e Títulos de Ribeirão Preto/SP, comunicando o teor desta decisão. P.I. Ribeirão Preto, 14 de novembro de 2025. HEBER MENDES BATISTA Juiz de Direito (ass. Digital)"
3,2,0,1,0,"10028422920258260302","25/08/2025",2025,"Jaú","1ª Vara Cível","Paula Maria Castro Ribeiro Bressan","parcial",3000,TRUE,FALSE,TRUE,FALSE,TRUE,"JULGO PROCEDENTE a presente ação movida por ALEXANDRE CARROZZA E CIA LTDA em face de A. R. DE ARAÚJO COMUNICAÇÕES ME, o que faço para o fim de declarar a inexistência de relação jurídica entre as partes, a nulidade do contrato de figuração nº 110031 (fls. 103/104) e a inexigibilidade de valores relacionados a esta avença. Condeno a ré à obrigação de não efetuar novas cobranças e novos protestos relativos a esse contrato e a pagar à autora uma indenização por danos morais no valor de R$ 3.000,00, quantia que deverá ser devidamente atualizada com juros de mora de 1% ao mês desde a data do evento","JULGO PROCEDENTE a presente ação movida por ALEXANDRE CARROZZA E CIA LTDA em face de A. R. DE ARAÚJO COMUNICAÇÕES ME, o que faço para o fim de declarar a inexistência de relação jurídica entre as partes, a nulidade do contrato de figuração nº 110031 (fls. 103/104) e a inexigibilidade de valores relacionados a esta avença. Condeno a ré à obrigação de não efetuar novas cobranças e novos protestos relativos a esse contrato e a pagar à autora uma indenização por danos morais no valor de R$ 3.000,00, quantia que deverá ser devidamente atualizada com juros de mora de 1% ao mês desde a data do evento danoso (Súmula 54 do STJ), ou seja, desde a indicação a protesto indevido (18/03/2025 fl. 26), e correção monetária desde a data do arbitramento (Súmula 362 do STJ). Ainda, condeno a requerida a restituir à autora, em dobro, os valores eventualmente pagos, relativos ao contrato em questão, que deverão ser comprovados em cum"
3,2,1,0,0,"10064912820238260510","28/11/2023",2023,"Rio Claro","1ª Vara Cível","Bertholdo Hettwer Lawall","procedente",1540,TRUE,TRUE,FALSE,FALSE,FALSE,"julgo procedentes os pedidos formulados na inicial, resolvendo o mérito na forma do art. 487, I, do CPC, para declarar inexistente a contratação discutida, confirmando a liminar para evitar qualquer inscrição do CNPJ da autora em cadastros de inadimplentes e, por fim, para determinar a restituição à autora da quantia de R$ 1.540,00, com juros e correção pela Tabela Prática desde o pagamento indevido. Custas pela ré. Fixo honorários aos procuradores da autora em 10% do valor corrigido da causa. Sentença publicada e registrada eletronicamente. ","julgo procedentes os pedidos formulados na inicial, resolvendo o mérito na forma do art. 487, I, do CPC, para declarar inexistente a contratação discutida, confirmando a liminar para evitar qualquer inscrição do CNPJ da autora em cadastros de inadimplentes e, por fim, para determinar a restituição à autora da quantia de R$ 1.540,00, com juros e correção pela Tabela Prática desde o pagamento indevido. Custas pela ré. Fixo honorários aos procuradores da autora em 10% do valor corrigido da causa. Sentença publicada e registrada eletronicamente. "
3,2,1,0,0,"10020716420238260482","13/07/2023",2023,"Presidente Prudente","5ª Vara Cível","Sérgio Elorza Barbosa de Moraes","procedente",1300,FALSE,TRUE,TRUE,FALSE,FALSE,"julgo PROCEDENTE a ação movida por LUMIERE VEÍCULOS LTDA contra A. R. DE ARAÚJO COMUNICAÇÕES ME - LISTA REGIONAL BRASIL, nos termos do artigo 487, inciso I, do Código de Processo Civil, para declarar a nulidade do “contrato de figuração nº 101603G” (fls.30) e, em consequência, a inexistência da relação jurídica a ele vinculada, a inexigibilidade do débito cobrado. Torno definitiva a tutela de urgência (fls. 122/123). A requerida responde pelas custas e despesas do processo, bem como pelo pagamento da verba honorária que fixo em R$1.300,00 (hum mil e trezentos reais). ","julgo PROCEDENTE a ação movida por LUMIERE VEÍCULOS LTDA contra A. R. DE ARAÚJO COMUNICAÇÕES ME - LISTA REGIONAL BRASIL, nos termos do artigo 487, inciso I, do Código de Processo Civil, para declarar a nulidade do “contrato de figuração nº 101603G” (fls.30) e, em consequência, a inexistência da relação jurídica a ele vinculada, a inexigibilidade do débito cobrado. Torno definitiva a tutela de urgência (fls. 122/123). A requerida responde pelas custas e despesas do processo, bem como pelo pagamento da verba honorária que fixo em R$1.300,00 (hum mil e trezentos reais). "
3,3,0,0,0,"10058752820258260625","01/07/2025",2025,"Taubaté","4ª Vara Cível","HELIO APARECIDO FERREIRA DE SENA","parcial",1050,TRUE,TRUE,TRUE,FALSE,FALSE,"JULGO PARCIALMENTE PROCEDENTES OS PEDIDOS, resolvendo o mérito da ação na forma do inc. I do art. 487 do CPC, para declarar inexistente a duplicata mercantil por indicação nº 99308G, no valor de R$1.050,00, emitida e vencida no dia 12.03.2025 sacada pela ré contra a autora e, por consequência, determinar o cancelamento do protesto efetivado pelo 1º Tabelião de Protesto de Letras e Títulos desta Comarca no dia 25.03.2025, sob o protocolo nº 21 de 18.03.2025. 4.1. Diante da sucumbência recíproca, noto que a autora sucumbiu em um dos seus três pedidos (declaratório, obrigação de fazer e danos mor","JULGO PARCIALMENTE PROCEDENTES OS PEDIDOS, resolvendo o mérito da ação na forma do inc. I do art. 487 do CPC, para declarar inexistente a duplicata mercantil por indicação nº 99308G, no valor de R$1.050,00, emitida e vencida no dia 12.03.2025 sacada pela ré contra a autora e, por consequência, determinar o cancelamento do protesto efetivado pelo 1º Tabelião de Protesto de Letras e Títulos desta Comarca no dia 25.03.2025, sob o protocolo nº 21 de 18.03.2025. 4.1. Diante da sucumbência recíproca, noto que a autora sucumbiu em um dos seus três pedidos (declaratório, obrigação de fazer e danos morais). Assim, condeno a requerida a pagar 1/3 (um terço) das despesas processuais adiantadas pela autora e a 1/3 (um terço) dos honorários advocatícios do patrono dela, que ora arbitro em 10% (dez por cento) sobre o valor da causa atualizado desde a propositura da demanda até a presente data (proveito econômico obtido), em observância ao §2º do art. 85 do CPC. Nos termos do art. §16 do art. 85 do CPC, o valor dos honorários advocatícios será corrigido monetariamente pelo IPCA a partir da data da prolação desta sentença; e acrescido de juros de mora a partir do trânsito em julgado, calculados pela taxa SELIC nos termos do art. 406 do CC, com a redação dada pela Lei 14.905/2024. 4.2. Em atenção ao disposto no §2º do art. 4º da Lei Estadual 11.608/2003, fixo o valor da causa como a base de cálculo do preparo. 4.3. Com o trânsito em julgado, a) expeça-se mandado ao 1º Tabelionato de Protesto de Letras e Títulos desta Comarca para que proceda ao cancelamento do protesto do título referido no item “4.1” supra, e para que remeta o título protestado ao Juízo caso seja físico, nos termos do §3º do art. 17 da Lei 9.492/97. Faça-se constar que o cum"
3,2,1,0,0,"10030999220238260506","18/03/2024",2024,"Ribeirão Preto","4ª Vara Cível","HEBER MENDES BATISTA","procedente",1050,FALSE,TRUE,FALSE,TRUE,FALSE,"JULGO PROCEDENTE o pedido e declarar nula a duplicata mercantil nº 100136G, no valor de R$ 1.050,00, mantida a liminar, inclusive para determinar a sustação definitiva do protesto, arcando a ré com o pagamento das custas e despesas processuais, corrigidas desde o efetivo desembolso, mais honorários advocatícios dos patronos da autora, que arbitro em R$ 2.000,00, o que faço com fundamento no Art. 85, §§ 2º e 8º, do Código de Processo Civil. P.I. Ribeirão Preto, 18 de março de 2024. HÉBER MENDES BATISTA Juiz de Direito (ass. Digital)","JULGO PROCEDENTE o pedido e declarar nula a duplicata mercantil nº 100136G, no valor de R$ 1.050,00, mantida a liminar, inclusive para determinar a sustação definitiva do protesto, arcando a ré com o pagamento das custas e despesas processuais, corrigidas desde o efetivo desembolso, mais honorários advocatícios dos patronos da autora, que arbitro em R$ 2.000,00, o que faço com fundamento no Art. 85, §§ 2º e 8º, do Código de Processo Civil. P.I. Ribeirão Preto, 18 de março de 2024. HÉBER MENDES BATISTA Juiz de Direito (ass. Digital)"
3,2,1,0,0,"10612528020208260100","19/04/2022",2022,"SÃO PAULO","7ª Vara Cível","Sang Duk Kim","procedente",630,TRUE,TRUE,FALSE,FALSE,FALSE,"JULGO PROCEDENTES os pedidos, com fulcro no artigo 487, I, do Código de Processo Civil, para: a) DECLARAR rescindido o instrumento contratual sob nº 7554G; b) DECLARAR a inexigibilidade do débito oriundo do contrato referido, objeto do apontamento restritivo junto ao cadastrado de inadimplentes mantido pela SERASA, assim como da duplicata mercantil sob nº 7554G, no valor de R$ 630,00, levada a protesto perante o Tabelião de Protestos da Comarca de Cunha, SP, tornando definitiva a tutela de urgência outrora concedida; c) CONDENAR a demandada ao pagamento da importância de R$ 10.000,00 a título ","JULGO PROCEDENTES os pedidos, com fulcro no artigo 487, I, do Código de Processo Civil, para: a) DECLARAR rescindido o instrumento contratual sob nº 7554G; b) DECLARAR a inexigibilidade do débito oriundo do contrato referido, objeto do apontamento restritivo junto ao cadastrado de inadimplentes mantido pela SERASA, assim como da duplicata mercantil sob nº 7554G, no valor de R$ 630,00, levada a protesto perante o Tabelião de Protestos da Comarca de Cunha, SP, tornando definitiva a tutela de urgência outrora concedida; c) CONDENAR a demandada ao pagamento da importância de R$ 10.000,00 a título de compensação financeira pelos danos morais suportados, acrescida de correção monetária a partir do arbitramento e de juros legais de 1% ao mês desde a citação. Em razão da sucumbência da ré GUIA PLUS, condeno-a ao pagamento das custas, despesas processuais e honorários advocatícios que ora arbitro em 10% da condenação, nos termos do artigo 85, § 2º do Código de Processo Civil. Após o trânsito em julgado, servirá a presente sentença como ofício a ser encaminhado pela requerente ao Tabelião de Protestos da Comarca de Cunha, SP, a fim de noticiar o cancelamento definitivo do protesto. P. I. São Paulo, 18/4/2022. SANG DUK KIM JUIZ DE DIREITO (Assinado digitalmente) DOCUMENTO ASSINADO DIGITALMENTE NOS TERMOS DA LEI 11.419/2006, CONFORME IMPRESSÃO À MARGEM DIREITA"
3,1,1,1,0,"10817327420238260100","22/11/2023",2023,"SÃO PAULO","15ª Vara Cível","VICTOR GARMS GONCALVES","procedente",NA,FALSE,TRUE,FALSE,FALSE,TRUE,"JULGO PROCEDENTE a ação movida por Vecol Veiculos Ltda em face de A R de Araújo Comunicações-me (Guia Plus), e o faço com fundamento no artigo 487, inciso I, do Código de Processo Civil para para DECLARAR a inexistência da relação jurídica contratual entre as partes e, consequentemente, inexigível qualquer cobrança relacionada à contratação, confirmando a tutela de urgência concedida. Em razão da sucumbência, condeno a parte requerida em custas, despesas processuais e honorários advocatícios fixados em 10% do valor da causa, na forma do artigo 85,§ 2ª, CPC. Em consequência, julgo o feito extin","JULGO PROCEDENTE a ação movida por Vecol Veiculos Ltda em face de A R de Araújo Comunicações-me (Guia Plus), e o faço com fundamento no artigo 487, inciso I, do Código de Processo Civil para para DECLARAR a inexistência da relação jurídica contratual entre as partes e, consequentemente, inexigível qualquer cobrança relacionada à contratação, confirmando a tutela de urgência concedida. Em razão da sucumbência, condeno a parte requerida em custas, despesas processuais e honorários advocatícios fixados em 10% do valor da causa, na forma do artigo 85,§ 2ª, CPC. Em consequência, julgo o feito extinto, nos termos do artigo 487, inciso I, do Código de Processo Civil. Restam as partes advertidas que eventuais embargos de declaração com efeitos de mera reapreciação do quanto decidido serão tidos como protelatórios, podendo ser apenados com as sanções do artigo 1.026, §2º, do Código de Processo. Certificado o trânsito em julgado, nada mais sendo requerido, arquivem-se os autos observadas as formalidades legais. P.I.C. São Paulo, data da assinatura digital."
3,2,1,0,0,"10010362220228260315","23/03/2023",2023,"Laranjal Paulista","1ª Vara","ELIANE CRISTINA CINTO","procedente",NA,TRUE,TRUE,FALSE,FALSE,FALSE,"Pelo exposto, JULGAM-SE PROCEDENTES os pedidos iniciais formulados por V. R. MEUCCI & CIA LTDA, nos termos do artigo 487, inciso I do Código de Processo Civil para: 1 Declarar a exigibilidade do débito no valor de R$ 250,00 protestado em 01.06.2022 e cancelar, de forma definitiva, o protesto lavrado no Livro 313-G, folha 123, confirmando-se a tutela de urgência. Os emolumentos da serventia extrajudicial devem ser arcadas pela parte ré. 2 Condenar, A. R. DE ARAÚJO COMUNICAÇÕES ME GUIA PLUS o pagamento de indenização por danos morais no importe de R$ 5.000,00 (cinco mil reais), atualizado moneta","Pelo exposto, JULGAM-SE PROCEDENTES os pedidos iniciais formulados por V. R. MEUCCI & CIA LTDA, nos termos do artigo 487, inciso I do Código de Processo Civil para: 1 Declarar a exigibilidade do débito no valor de R$ 250,00 protestado em 01.06.2022 e cancelar, de forma definitiva, o protesto lavrado no Livro 313-G, folha 123, confirmando-se a tutela de urgência. Os emolumentos da serventia extrajudicial devem ser arcadas pela parte ré. 2 Condenar, A. R. DE ARAÚJO COMUNICAÇÕES ME GUIA PLUS o pagamento de indenização por danos morais no importe de R$ 5.000,00 (cinco mil reais), atualizado monetariamente desde esta data (arbitramento), nos termos da Tabela Prática do Tribunal de Justiça, e acrescidos de juros moratórios, fixados em 1%ao mês, a partir da citação até o efetivo pagamento. Condena-se ainda a ré em custas processuais e honorários advocatícios, que arbitra-se em 10% (dez por cento) sobre o valor da condenação, com fundamento no artigo 85, parágrafo 2º, do Código de Processo Civil. P.I.C. Laranjal Paulista, 23 de março de 2023. ELIANE CRISTINA CINTO JUÍZA DE DIREITO DOCUMENTO ASSINADO DIGITALMENTE NOS TERMOS DA LEI 11.419/2006, CONFORME IMPRESSÃO À MARGEM DIREITA"
3,3,0,0,0,"10063779820228260292","15/03/2023",2023,"Jacareí","1ª Vara Cível","Ana Paula de Queiroz Aranha","parcial",NA,TRUE,TRUE,TRUE,FALSE,FALSE,"Ante o exposto, confirma-se a tutela de urgência (fls.66/67) e julga-se procedente o pedido inicial proposto por Gerson Miranda Moreira ME contra A. R. de Araújo Comunicações ME - Lista Regional Brasil, nos termos do artigo 487, inciso I, do Código de Processo Civil, para: a) declarar nulo o contrato de prestação de serviços (fls.33); b) declarar inexigíveis os valores cobrados, bem como o pagamento de multa rescisão antecipada do contrato e, por consequência; c) determinar a exclusão do nome da requerente do cadastro de inadimplentes dos órgãos de proteção ao crédito, de forma definitiva, em ","Ante o exposto, confirma-se a tutela de urgência (fls.66/67) e julga-se procedente o pedido inicial proposto por Gerson Miranda Moreira ME contra A. R. de Araújo Comunicações ME - Lista Regional Brasil, nos termos do artigo 487, inciso I, do Código de Processo Civil, para: a) declarar nulo o contrato de prestação de serviços (fls.33); b) declarar inexigíveis os valores cobrados, bem como o pagamento de multa rescisão antecipada do contrato e, por consequência; c) determinar a exclusão do nome da requerente do cadastro de inadimplentes dos órgãos de proteção ao crédito, de forma definitiva, em relação aos débitos discutidos nesta demanda; d) determinar o cancelamento definitivo do protesto do título nº 34100 L, no valor de R$290,00, emitido em 03 de maio de 2022, no 1º Tabelionato de Notas e de Protesto de Jacareí-SP (fls.61); e) condenar a requerida a restituir à requerente os valores pagos, com correção monetária pelo índice da Tabela Prática do Tribunal de Justiça de São Paulo, desde a data de cada pagamento e juros de mora de 1% ao mês, a partir da citação, f) condenar a requerida a pagar à requerente a importância de R$5.000,00 (cinco mil reais), a título de danos morais, valor que deverá ser acrescido de correção monetária pelos índices da Tabela Prática do Tribunal de Justiça, a partir da prolação desta sentença e juros de mora de 1% ao mês a partir da citação. Condeno a requerida, integralmente, ao pagamento das custas e despesas processuais, corrigidas desde o desembolso, e dos honorários advocatícios que arbitro em 10% sobre o valor da condenação, suspendendo-lhe o pagamento, caso esteja acobertada pelo benefício da gratuidade, ressalvada a hipótese prevista no artigo 98 e seus parágrafos 2º e 3º do Código de Processo Civil (Lei 13.105/15). Cópia da presente sentença, assinada digitalmente e acompanhada das cópias necessárias ao seu cum"
3,2,1,0,0,"10297590720228260071","02/03/2023",2023,"Bauru","4ª Vara Cível","ARTHUR DE PAULA GONCALVES","procedente",NA,FALSE,TRUE,TRUE,FALSE,FALSE,"julgo procedentes em parte os pedidos para: a) declarar nulo o contrato descrito na petição inicial e consequentemente inexigível em relação à autora os débitos nele descritos; b) rejeitar o pleito de reparação de danos morais; c) por conta da sucumbência recíproca, cada parte arcará com 50% das custas e despesas processuais e com os honorários advocatícios do patrono da parte contrária, que fixo e arbitra em 10% do valor corrigido da causa, atendidos os requisitos do art. 85, §§ 2º, I a IV, combinado com o art. 86, caput, ambos do Código de Processo Civil de 2015; e) oficie-se oportunamente p","julgo procedentes em parte os pedidos para: a) declarar nulo o contrato descrito na petição inicial e consequentemente inexigível em relação à autora os débitos nele descritos; b) rejeitar o pleito de reparação de danos morais; c) por conta da sucumbência recíproca, cada parte arcará com 50% das custas e despesas processuais e com os honorários advocatícios do patrono da parte contrária, que fixo e arbitra em 10% do valor corrigido da causa, atendidos os requisitos do art. 85, §§ 2º, I a IV, combinado com o art. 86, caput, ambos do Código de Processo Civil de 2015; e) oficie-se oportunamente para sustação do protesto. Se interposta apelação contra esta sentença e também eventual recurso adesivo, como nos termos do Código de Processo Civil de 2015, cabe apenas à instância ad quem examinar os requisitos e pressupostos objetivos e subjetivos de admissibilidade recursal (art. 1.010, § 3º), providencie a serventia a intimação da parte apelada e/ou da parte recorrente em caráter adesivo pra apresentar, se quiser, as correspondentes contrarrazões, no prazo de quinze dias (art. 1.010, § 1º), sob pena de preclusão e, após, independentemente de nova decisão ou despacho, remeta-se os autos do processo judicial eletrônico (digital) ao Tribunal de Justiça do Estado de São Paulo, Seção de Direito "
2,0,1,0,1,"10412992020228260114","28/01/2025",2025,"Campinas","1ª Vara Cível","Euzy Lopes Feijó Liberatti","procedente",6384,FALSE,FALSE,FALSE,FALSE,FALSE,"JULGO PROCEDENTE a ação movida por AÇO NOBRE INDÚSTRIA LTDA. em face de A R DE ARAÚJO COMUNICAÇÕES GUIA PLUS, para condenar a ré à restituição do valor total de R$ 6.384,00, de forma dobrada, computados correção monetária e juros de mora das datas dos desembolsos, bem como a indenizar o dano moral, no valor de R$ 6.384,00, com correção monetária e juros de mora contados da citação, declarando extinto o processo, nos termos do art. 487, I, CPC. Condeno a ré nas custas e despesas processuais e honorários advocatícios que fixo em 20% sobre o valor da condenação. P.I. Campinas, 28 de janeiro de 20","JULGO PROCEDENTE a ação movida por AÇO NOBRE INDÚSTRIA LTDA. em face de A R DE ARAÚJO COMUNICAÇÕES GUIA PLUS, para condenar a ré à restituição do valor total de R$ 6.384,00, de forma dobrada, computados correção monetária e juros de mora das datas dos desembolsos, bem como a indenizar o dano moral, no valor de R$ 6.384,00, com correção monetária e juros de mora contados da citação, declarando extinto o processo, nos termos do art. 487, I, CPC. Condeno a ré nas custas e despesas processuais e honorários advocatícios que fixo em 20% sobre o valor da condenação. P.I. Campinas, 28 de janeiro de 2025. DOCUMENTO ASSINADO DIGITALMENTE NOS TERMOS DA LEI 11.419/2006, CONFORME IMPRESSÃO À MARGEM DIREITA"
2,1,0,0,1,"10332079520228260100","31/10/2022",2022,"SÃO PAULO","31ª Vara Cível","Adriana Brandini do Amparo","parcial",5203.07,FALSE,TRUE,FALSE,FALSE,FALSE,"JULGO PARCIALMENTE PROCEDENTE a pretensão inicial, para declarar rescindido o contrato entre as partes celebrado, declarando, outrossim, inexigíveis da autora débitos futuros provenientes da avença. Por ter sucumbido, arcará a ré com o pagamento de metade das custas e despesas processuais, bem como de honorários advocatícios fixados em R$5.203,07, como determina o artigo 85, §§8º, 8º-A e 14, do Código de Processo Civil. Pela mesma razão, arcará a autora com o pagamento de metade das custas e despesas processuais, bem como de honorários advocatícios fixados em R$5.203,07, como determina o artig","JULGO PARCIALMENTE PROCEDENTE a pretensão inicial, para declarar rescindido o contrato entre as partes celebrado, declarando, outrossim, inexigíveis da autora débitos futuros provenientes da avença. Por ter sucumbido, arcará a ré com o pagamento de metade das custas e despesas processuais, bem como de honorários advocatícios fixados em R$5.203,07, como determina o artigo 85, §§8º, 8º-A e 14, do Código de Processo Civil. Pela mesma razão, arcará a autora com o pagamento de metade das custas e despesas processuais, bem como de honorários advocatícios fixados em R$5.203,07, como determina o artigo 85, §§8º, 8º-A e 14, do Código de Processo Civil. P.I.C.. São Paulo, 31 de outubro de 2022. DOCUMENTO ASSINADO DIGITALMENTE NOS TERMOS DA LEI 11.419/2006, CONFORME IMPRESSÃO À MARGEM DIREITA"
